{
	"PhysicalConstants": {
		"SpeedOfLight": 299792458.0,
		"ElementaryCharge": -1.6021766208E-19,
		"ElectronMass": 9.10938356E-31,
		"ScatteringLength": {
			"Si": 9.370E+04,
			"C": 12.13E+04,
			"He": 5.671E+09,
			"Air": 3.039E+08,
			"Ta": 0.4094E+04,
			"Tape": 19.63E+04,
			"Mylar": 28.54E+04
		}
	},
	"FoilThickness": 200.0,
	"Detectors": {
		"M1": {
			"Resolution": 35.0,
			"Accuracy": 3.5,
			"x": [
				-1.048E+04,
				-1.052E+04,
				1.053E+04,
				1.059E+04
			],
			"y": [
				-0.5097E+04,
				0.5290E+04,
				0.5272E+04,
				-0.5235E+04
			],
			"z": 0.0,
			"FakeHitrate": 1.0,
			"Number": 0
		},
		"M2": {
			"Resolution": 35.0,
			"Accuracy": 3.5,
			"x": [
				-1.048E+04,
				-1.052E+04,
				1.053E+04,
				1.059E+04
			],
			"y": [
				-0.5097E+04,
				0.5290E+04,
				0.5272E+04,
				-0.5235E+04
			],
			"z": 1832.3E+03,
			"FakeHitrate": 0.95,
			"Number": 1
		},
		"M3": {
			"Resolution": 35.0,
			"Accuracy": 3.5,
			"x": [
				-1.16215484442103e+04,
				-1.16615484442103e+04,
				9.38845155578965e+03,
				9.44845155578965e+03
			],
			"y": [
				-5.74711474256258e+03,
				4.63988525743742e+03,
				4.62188525743742e+03,
				-5.88511474256258e+03
			],
			"z": 8913.0E+03,
			"FakeHitrate": 0.43,
			"Number": 2
		},
		"M4": {
			"Resolution": 35.0,
			"Accuracy": 3.5,
			"x": [
				-1.13245250900184e+04,
				-1.13645250900184e+04,
				9.68547490998156e+03,
				9.74547490998156e+03
			],
			"y": [
				-5.85109260241867e+03,
				4.53590739758133e+03,
				4.51790739758133e+03,
				-5.98909260241867e+03
			],
			"z": 8989.0E+03,
			"FakeHitrate": 0.43,
			"Number": 3
		},
		"M5": {
			"Resolution": 35.0,
			"Accuracy": 3.5,
			"x": [
				-1.16340469312520e+04,
				-1.16740469312520e+04,
				9.37595306874800e+03,
				9.43595306874800e+03
			],
			"y": [
				-5.22371926730544e+03,
				5.16328073269456e+03,
				5.14528073269456e+03,
				-5.36171926730544e+03
			],
			"z": 9196.2E+03,
			"FakeHitrate": 0.80,
			"Number": 4
		},
		"M6": {
			"Resolution": 35.0,
			"Accuracy": 3.5,
			"x": [
				-1.26344364943679e+04,
				-1.26744364943679e+04,
				8.37556350563211e+03,
				8.43556350563211e+03
			],
			"y": [
				-5.07869058840943e+03,
				5.30830941159057e+03,
				5.29030941159057e+03,
				-5.21669058840943e+03
			],
			"z": 9273.7E+03,
			"FakeHitrate": 0.52,
			"Number": 5
		}
	}
}